proof_id,behaviour,os,arch,status,app_version,commit,date,script,evidence
mcp-supervised,kill -9 of the MCP child restarts it; tools are served only after a fresh handshake; the breaker stops it after N exits,macos,arm64,todo,,,,tools/proofs/mcp-supervised.ts,
mcp-supervised,kill -9 of the MCP child restarts it; tools are served only after a fresh handshake; the breaker stops it after N exits,macos,x64,todo,,,,tools/proofs/mcp-supervised.ts,
mcp-supervised,kill -9 of the MCP child restarts it; tools are served only after a fresh handshake; the breaker stops it after N exits,linux,arm64,todo,,,,tools/proofs/mcp-supervised.ts,
mcp-supervised,kill -9 of the MCP child restarts it; tools are served only after a fresh handshake; the breaker stops it after N exits,linux,x64,todo,,,,tools/proofs/mcp-supervised.ts,
mcp-supervised,kill -9 of the MCP child restarts it; tools are served only after a fresh handshake; the breaker stops it after N exits,windows,x64,blocked,,,,tools/proofs/mcp-supervised.ts,
endpoint-moved,moving 31010 to another port while a Codex-like client runs closes the old port only after the new one binds; a collision is refused and the old endpoint kept,macos,arm64,todo,,,,tools/proofs/endpoint-moved.ts,
endpoint-moved,moving 31010 to another port while a Codex-like client runs closes the old port only after the new one binds; a collision is refused and the old endpoint kept,macos,x64,todo,,,,tools/proofs/endpoint-moved.ts,
endpoint-moved,moving 31010 to another port while a Codex-like client runs closes the old port only after the new one binds; a collision is refused and the old endpoint kept,linux,arm64,todo,,,,tools/proofs/endpoint-moved.ts,
endpoint-moved,moving 31010 to another port while a Codex-like client runs closes the old port only after the new one binds; a collision is refused and the old endpoint kept,linux,x64,todo,,,,tools/proofs/endpoint-moved.ts,
endpoint-moved,moving 31010 to another port while a Codex-like client runs closes the old port only after the new one binds; a collision is refused and the old endpoint kept,windows,x64,blocked,,,,tools/proofs/endpoint-moved.ts,
codex-smoke,"real Codex, started separately, lists and calls a tool; one MCP child is in the process tree",macos,arm64,todo,,,,tools/proofs/codex-smoke.ts,
codex-smoke,"real Codex, started separately, lists and calls a tool; one MCP child is in the process tree",macos,x64,todo,,,,tools/proofs/codex-smoke.ts,
codex-smoke,"real Codex, started separately, lists and calls a tool; one MCP child is in the process tree",linux,arm64,todo,,,,tools/proofs/codex-smoke.ts,
codex-smoke,"real Codex, started separately, lists and calls a tool; one MCP child is in the process tree",linux,x64,todo,,,,tools/proofs/codex-smoke.ts,
codex-smoke,"real Codex, started separately, lists and calls a tool; one MCP child is in the process tree",windows,x64,blocked,,,,tools/proofs/codex-smoke.ts,
refusal-notices,"no key, Anytype not running, port taken, non-loopback address: each shows its notice once",macos,arm64,todo,,,,tools/proofs/refusal-notices.ts,
refusal-notices,"no key, Anytype not running, port taken, non-loopback address: each shows its notice once",macos,x64,todo,,,,tools/proofs/refusal-notices.ts,
refusal-notices,"no key, Anytype not running, port taken, non-loopback address: each shows its notice once",linux,arm64,todo,,,,tools/proofs/refusal-notices.ts,
refusal-notices,"no key, Anytype not running, port taken, non-loopback address: each shows its notice once",linux,x64,todo,,,,tools/proofs/refusal-notices.ts,
refusal-notices,"no key, Anytype not running, port taken, non-loopback address: each shows its notice once",windows,x64,blocked,,,,tools/proofs/refusal-notices.ts,
log,"the log file is at the documented path with lines from shell, runtime, services, a node and the MCP child; canary secrets are redacted; it rotates",macos,arm64,todo,,,,tools/proofs/log.ts,
log,"the log file is at the documented path with lines from shell, runtime, services, a node and the MCP child; canary secrets are redacted; it rotates",macos,x64,todo,,,,tools/proofs/log.ts,
log,"the log file is at the documented path with lines from shell, runtime, services, a node and the MCP child; canary secrets are redacted; it rotates",linux,arm64,todo,,,,tools/proofs/log.ts,
log,"the log file is at the documented path with lines from shell, runtime, services, a node and the MCP child; canary secrets are redacted; it rotates",linux,x64,todo,,,,tools/proofs/log.ts,
log,"the log file is at the documented path with lines from shell, runtime, services, a node and the MCP child; canary secrets are redacted; it rotates",windows,x64,blocked,,,,tools/proofs/log.ts,
login,launch at login on: logout and login starts the app; off: it does not; an OS refusal leaves the setting unchanged,macos,arm64,todo,,,,manual,
login,launch at login on: logout and login starts the app; off: it does not; an OS refusal leaves the setting unchanged,macos,x64,todo,,,,manual,
login,launch at login on: logout and login starts the app; off: it does not; an OS refusal leaves the setting unchanged,linux,arm64,todo,,,,manual,
login,launch at login on: logout and login starts the app; off: it does not; an OS refusal leaves the setting unchanged,linux,x64,todo,,,,manual,
login,launch at login on: logout and login starts the app; off: it does not; an OS refusal leaves the setting unchanged,windows,x64,blocked,,,,manual,
update,vN updates to vN+1 from a GitHub Releases test channel; a tampered latest-*.yml is refused by minisign,macos,arm64,blocked,,,,manual,"missing a Developer ID Application certificate for team TR744K6P28 (this keychain holds only Apple Development: martinteller@me.com (TR744K6P28)); notarytool also needs an app-specific password or an API key, neither configured"
update,vN updates to vN+1 from a GitHub Releases test channel; a tampered latest-*.yml is refused by minisign,macos,x64,blocked,,,,manual,"missing a Developer ID Application certificate for team TR744K6P28 (this keychain holds only Apple Development: martinteller@me.com (TR744K6P28)); notarytool also needs an app-specific password or an API key, neither configured"
update,vN updates to vN+1 from a GitHub Releases test channel; a tampered latest-*.yml is refused by minisign,linux,arm64,todo,,,,manual,
update,vN updates to vN+1 from a GitHub Releases test channel; a tampered latest-*.yml is refused by minisign,linux,x64,todo,,,,manual,
update,vN updates to vN+1 from a GitHub Releases test channel; a tampered latest-*.yml is refused by minisign,windows,x64,blocked,,,,manual,
quit,Quit leaves no process; kill -9 of the shell leaves none; closing the window does not quit,macos,arm64,todo,,,,tools/proofs/quit.ts,
quit,Quit leaves no process; kill -9 of the shell leaves none; closing the window does not quit,macos,x64,todo,,,,tools/proofs/quit.ts,
quit,Quit leaves no process; kill -9 of the shell leaves none; closing the window does not quit,linux,arm64,todo,,,,tools/proofs/quit.ts,
quit,Quit leaves no process; kill -9 of the shell leaves none; closing the window does not quit,linux,x64,todo,,,,tools/proofs/quit.ts,
quit,Quit leaves no process; kill -9 of the shell leaves none; closing the window does not quit,windows,x64,blocked,,,,tools/proofs/quit.ts,
real-flow,"the P2 flow runs on real Anytype, with retry (P4), crash recovery (P11d) and a pop-out (P10)",macos,arm64,todo,,,,tools/proofs/real-flow.ts,
real-flow,"the P2 flow runs on real Anytype, with retry (P4), crash recovery (P11d) and a pop-out (P10)",macos,x64,todo,,,,tools/proofs/real-flow.ts,
real-flow,"the P2 flow runs on real Anytype, with retry (P4), crash recovery (P11d) and a pop-out (P10)",linux,arm64,todo,,,,tools/proofs/real-flow.ts,
real-flow,"the P2 flow runs on real Anytype, with retry (P4), crash recovery (P11d) and a pop-out (P10)",linux,x64,todo,,,,tools/proofs/real-flow.ts,
real-flow,"the P2 flow runs on real Anytype, with retry (P4), crash recovery (P11d) and a pop-out (P10)",windows,x64,blocked,,,,tools/proofs/real-flow.ts,
hot-add,a signed package installed while running has its type appear without an app relaunch; a tampered one is refused,macos,arm64,todo,,,,tools/proofs/hot-add.ts,
hot-add,a signed package installed while running has its type appear without an app relaunch; a tampered one is refused,macos,x64,todo,,,,tools/proofs/hot-add.ts,
hot-add,a signed package installed while running has its type appear without an app relaunch; a tampered one is refused,linux,arm64,todo,,,,tools/proofs/hot-add.ts,
hot-add,a signed package installed while running has its type appear without an app relaunch; a tampered one is refused,linux,x64,todo,,,,tools/proofs/hot-add.ts,
hot-add,a signed package installed while running has its type appear without an app relaunch; a tampered one is refused,windows,x64,blocked,,,,tools/proofs/hot-add.ts,
